{
    "rmse": 0.7287556005376745,
    "mae": 0.5617947220839037,
    "r2": 0.2322522244472368
}